<?xml version="1.0" encoding="UTF-8" ?>
<!DOCTYPE mapper PUBLIC "-//mybatis.org//DTD Mapper 3.0//EN" "http://mybatis.org/dtd/mybatis-3-mapper.dtd">
<mapper namespace="com.thinkgem.jeesite.modules.task.dao.TaskDao">
    
    <sql id="taskDaoColumns">
        a.id AS "id",
        a.parent_id AS "parent.id",
        a.parent_ids AS "parentIds", 
        a.sort AS "sort",
        a.remarks AS "remarks",
        a.create_by AS "createBy",
        a.create_date AS "createDate",
        a.update_by AS "updateBy",
        a.update_date AS "udateDate",
        a.del_flag AS "delFlag",
        a.name AS "name",
        a.level AS "level",
        a.state AS "state",
        a.deadline AS "deadline",
        a.content AS "content",
        c.name AS "parent.name" 
    </sql>
	
	<sql id="taskDaoJoins">
	    LEFT JOIN task_task c ON c.id = a.parent_id
	</sql>
	
	<select id="findList" resultType="Task">
		SELECT 
			<include refid="taskDaoColumns"/>
		FROM task_task a
		<include refid="taskDaoJoins"/>
		<where>
			a.del_flag = #{delFlag}
			<if test=" currentUser.name != null and currentUser.name != ''">
				AND a.create_by  = #{currentUser.name}
			</if>
		</where>		
			ORDER BY a.sort ASC
	</select>
	
</mapper>